C:\Users\Eric\Documents\Visual Studio 2010\Projects\Red Headband Prototype\Red Headband Prototype\Red Headband PrototypeContent\TileSets\world-tiles-vert.png,3840,1056,32,48;48;48,LevelN
0, 0, Flavor, 0, Tile 10 
1, 0, Flavor, 0, Tile 10 
2, 0, Flavor, 0, Tile 10 
3, 0, Flavor, 0, Tile 10 
4, 0, Flavor, 0, Tile 10 
5, 0, Flavor, 0, Tile 10 
6, 0, Flavor, 0, Tile 10 
7, 0, Flavor, 0, Tile 10 
8, 0, Flavor, 0, Tile 10 
9, 0, Flavor, 0, Tile 10 
10, 0, Flavor, 0, Tile 10 
11, 0, Tile, 0, Tile 14 
12, 0, Tile, 0, Tile 14 
13, 0, Tile, 0, Tile 14 
14, 0, Tile, 0, Tile 14 
15, 0, Tile, 0, Tile 14 
16, 0, Tile, 0, Tile 14 
17, 0, Tile, 0, Tile 14 
18, 0, Tile, 0, Tile 14 
19, 0, Tile, 0, Tile 14 
20, 0, Tile, 0, Tile 14 
21, 0, Tile, 0, Tile 14 
22, 0, Tile, 0, Tile 14 
23, 0, Tile, 0, Tile 14 
24, 0, Tile, 0, Tile 14 
25, 0, Tile, 0, Tile 14 
26, 0, Tile, 0, Tile 14 
27, 0, Flavor, 0, Tile 10 
28, 0, Flavor, 0, Tile 10 
29, 0, Flavor, 0, Tile 10 
30, 0, Flavor, 0, Tile 10 
31, 0, Flavor, 0, Tile 10 
32, 0, Flavor, 0, Tile 10 
33, 0, Flavor, 0, Tile 10 
34, 0, Flavor, 0, Tile 10 
35, 0, Flavor, 0, Tile 10 
36, 0, Flavor, 0, Tile 10 
37, 0, Flavor, 0, Tile 10 
38, 0, Flavor, 0, Tile 10 
39, 0, Flavor, 0, Tile 10 
40, 0, Flavor, 0, Tile 10 
41, 0, Flavor, 0, Tile 10 
42, 0, Flavor, 0, Tile 10 
43, 0, Tile, 0, Tile 14 
44, 0, Tile, 0, Tile 14 
45, 0, Tile, 0, Tile 14 
46, 0, Tile, 0, Tile 14 
47, 0, Tile, 0, Tile 14 
48, 0, Tile, 0, Tile 14 
49, 0, Tile, 0, Tile 14 
50, 0, Tile, 0, Tile 14 
51, 0, Tile, 0, Tile 14 
52, 0, Tile, 0, Tile 14 
53, 0, Tile, 0, Tile 14 
54, 0, Tile, 0, Tile 14 
55, 0, Tile, 0, Tile 14 
56, 0, Tile, 0, Tile 14 
57, 0, Tile, 0, Tile 14 
58, 0, Tile, 0, Tile 14 
59, 0, Flavor, 0, Tile 10 
60, 0, Flavor, 0, Tile 10 
61, 0, Tile, 0, Tile 1 
68, 0, Tile, 0, Tile 25 
69, 0, Tile, 0, Tile 8 
70, 0, Tile, 0, Tile 8 
71, 0, Tile, 0, Tile 8 
72, 0, Tile, 0, Tile 8 
73, 0, Tile, 0, Tile 8 
74, 0, Tile, 0, Tile 8 
75, 0, Tile, 0, Tile 8 
76, 0, Tile, 0, Tile 8 
77, 0, Tile, 0, Tile 8 
78, 0, Tile, 0, Tile 8 
79, 0, Tile, 0, Tile 8 
80, 0, Tile, 0, Tile 8 
81, 0, Tile, 0, Tile 8 
82, 0, Tile, 0, Tile 25 
83, 0, Flavor, 0, Tile 10 
84, 0, Flavor, 0, Tile 10 
85, 0, Tile, 0, Tile 14 
86, 0, Tile, 0, Tile 14 
87, 0, Tile, 0, Tile 14 
88, 0, Tile, 0, Tile 14 
89, 0, Tile, 0, Tile 14 
90, 0, Tile, 0, Tile 14 
91, 0, Tile, 0, Tile 14 
92, 0, Tile, 0, Tile 14 
93, 0, Tile, 0, Tile 14 
94, 0, Flavor, 0, Tile 10 
95, 0, Flavor, 0, Tile 10 
96, 0, Flavor, 0, Tile 10 
97, 0, Flavor, 0, Tile 10 
98, 0, Flavor, 0, Tile 10 
99, 0, Flavor, 0, Tile 10 
100, 0, Flavor, 0, Tile 10 
101, 0, Flavor, 0, Tile 10 
102, 0, Flavor, 0, Tile 10 
103, 0, Tile, 0, Tile 14 
104, 0, Tile, 0, Tile 14 
105, 0, Tile, 0, Tile 14 
106, 0, Tile, 0, Tile 14 
107, 0, Tile, 0, Tile 14 
108, 0, Tile, 0, Tile 14 
109, 0, Tile, 0, Tile 14 
110, 0, Tile, 0, Tile 14 
111, 0, Tile, 0, Tile 14 
112, 0, Tile, 0, Tile 14 
113, 0, Tile, 0, Tile 14 
114, 0, Tile, 0, Tile 14 
115, 0, Tile, 0, Tile 14 
116, 0, Tile, 0, Tile 14 
117, 0, Tile, 0, Tile 14 
118, 0, Tile, 0, Tile 14 
119, 0, Tile, 0, Tile 1 
0, 1, Flavor, 0, Tile 10 
1, 1, Flavor, 0, Tile 10 
2, 1, Flavor, 0, Tile 10 
3, 1, Flavor, 0, Tile 10 
4, 1, Flavor, 0, Tile 10 
5, 1, Flavor, 0, Tile 10 
6, 1, Flavor, 0, Tile 10 
7, 1, Flavor, 0, Tile 10 
8, 1, Flavor, 0, Tile 10 
9, 1, Flavor, 0, Tile 10 
10, 1, Tile, 0, Tile 11 
27, 1, Tile, 0, Tile 13 
28, 1, Flavor, 0, Tile 10 
29, 1, Flavor, 0, Tile 10 
30, 1, Flavor, 0, Tile 10 
31, 1, Flavor, 0, Tile 10 
32, 1, Flavor, 0, Tile 10 
33, 1, Flavor, 0, Tile 10 
34, 1, Flavor, 0, Tile 10 
35, 1, Flavor, 0, Tile 10 
36, 1, Flavor, 0, Tile 10 
37, 1, Flavor, 0, Tile 10 
38, 1, Flavor, 0, Tile 10 
39, 1, Flavor, 0, Tile 10 
40, 1, Flavor, 0, Tile 10 
41, 1, Flavor, 0, Tile 10 
42, 1, Tile, 0, Tile 11 
59, 1, Tile, 0, Tile 13 
60, 1, Flavor, 0, Tile 10 
61, 1, Tile, 0, Tile 11 
68, 1, Tile, 90, Tile 8 
82, 1, Tile, 90, Tile 8 
94, 1, Tile, 0, Tile 13 
95, 1, Flavor, 0, Tile 10 
96, 1, Flavor, 0, Tile 10 
97, 1, Flavor, 0, Tile 10 
98, 1, Flavor, 0, Tile 10 
99, 1, Flavor, 0, Tile 10 
100, 1, Flavor, 0, Tile 10 
101, 1, Flavor, 0, Tile 10 
102, 1, Tile, 0, Tile 11 
119, 1, Tile, 0, Tile 13 
0, 2, Flavor, 0, Tile 10 
1, 2, Flavor, 0, Tile 10 
2, 2, Flavor, 0, Tile 10 
3, 2, Flavor, 0, Tile 10 
4, 2, Flavor, 0, Tile 10 
5, 2, Flavor, 0, Tile 10 
6, 2, Flavor, 0, Tile 10 
7, 2, Tile, 0, Tile 1 
8, 2, Flavor, 0, Tile 10 
9, 2, Flavor, 0, Tile 10 
10, 2, Tile, 0, Tile 11 
27, 2, Tile, 0, Tile 13 
28, 2, Flavor, 0, Tile 10 
29, 2, Flavor, 0, Tile 10 
30, 2, Flavor, 0, Tile 10 
31, 2, Flavor, 0, Tile 10 
32, 2, Flavor, 0, Tile 10 
33, 2, Flavor, 0, Tile 10 
34, 2, Flavor, 0, Tile 10 
35, 2, Flavor, 0, Tile 10 
36, 2, Flavor, 0, Tile 10 
37, 2, Flavor, 0, Tile 10 
38, 2, Flavor, 0, Tile 10 
39, 2, Flavor, 0, Tile 10 
40, 2, Flavor, 0, Tile 10 
41, 2, Flavor, 0, Tile 10 
42, 2, Tile, 0, Tile 11 
59, 2, Tile, 0, Tile 13 
60, 2, Flavor, 0, Tile 10 
61, 2, Tile, 0, Tile 11 
68, 2, Tile, 90, Tile 8 
82, 2, Tile, 90, Tile 8 
94, 2, Tile, 0, Tile 13 
95, 2, Flavor, 0, Tile 10 
96, 2, Flavor, 0, Tile 10 
97, 2, Flavor, 0, Tile 10 
98, 2, Flavor, 0, Tile 10 
99, 2, Flavor, 0, Tile 10 
100, 2, Flavor, 0, Tile 10 
101, 2, Flavor, 0, Tile 10 
102, 2, Tile, 0, Tile 11 
119, 2, Tile, 0, Tile 13 
0, 3, Flavor, 0, Tile 10 
1, 3, Flavor, 0, Tile 10 
2, 3, Flavor, 0, Tile 10 
3, 3, Flavor, 0, Tile 10 
4, 3, Flavor, 0, Tile 10 
5, 3, Flavor, 0, Tile 10 
6, 3, Flavor, 0, Tile 10 
7, 3, Flavor, 0, Tile 10 
8, 3, Flavor, 0, Tile 10 
9, 3, Flavor, 0, Tile 10 
10, 3, Tile, 0, Tile 11 
13, 3, Tile, 0, Tile 1 
14, 3, Tile, 0, Tile 4 
15, 3, Tile, 0, Tile 4 
16, 3, Tile, 0, Tile 4 
17, 3, Tile, 0, Tile 4 
18, 3, Tile, 0, Tile 4 
19, 3, Tile, 0, Tile 4 
20, 3, Tile, 0, Tile 4 
21, 3, Tile, 0, Tile 4 
22, 3, Tile, 0, Tile 4 
23, 3, Tile, 0, Tile 4 
24, 3, Tile, 0, Tile 5 
27, 3, Tile, 0, Tile 13 
28, 3, Flavor, 0, Tile 10 
29, 3, Flavor, 0, Tile 10 
30, 3, Flavor, 0, Tile 10 
31, 3, Flavor, 0, Tile 10 
32, 3, Flavor, 0, Tile 10 
33, 3, Flavor, 0, Tile 10 
34, 3, Flavor, 0, Tile 10 
35, 3, Flavor, 0, Tile 10 
36, 3, Flavor, 0, Tile 10 
37, 3, Flavor, 0, Tile 10 
38, 3, Flavor, 0, Tile 10 
39, 3, Flavor, 0, Tile 10 
40, 3, Flavor, 0, Tile 10 
41, 3, Flavor, 0, Tile 10 
42, 3, Tile, 0, Tile 11 
59, 3, Tile, 0, Tile 13 
60, 3, Flavor, 0, Tile 10 
61, 3, Flavor, 0, Tile 10 
62, 3, Tile, 0, Tile 25 
63, 3, Tile, 0, Tile 8 
64, 3, Tile, 0, Tile 8 
65, 3, Tile, 0, Tile 8 
66, 3, Tile, 0, Tile 8 
67, 3, Tile, 0, Tile 8 
68, 3, Tile, 0, Tile 25 
74, 3, Ladder, 0, Tile 26 
75, 3, Tile, 0, Tile 1 
76, 3, Tile, 0, Tile 12 
77, 3, Tile, 0, Tile 12 
78, 3, Tile, 0, Tile 12 
79, 3, Tile, 0, Tile 12 
80, 3, Tile, 0, Tile 1 
82, 3, Tile, 90, Tile 8 
85, 3, Tile, 0, Tile 1 
86, 3, Tile, 0, Tile 12 
87, 3, Tile, 0, Tile 12 
88, 3, Tile, 0, Tile 12 
89, 3, Tile, 0, Tile 12 
90, 3, Tile, 0, Tile 1 
91, 3, Tile, 0, Tile 4 
92, 3, Tile, 0, Tile 5 
94, 3, Tile, 0, Tile 13 
95, 3, Flavor, 0, Tile 10 
96, 3, Flavor, 0, Tile 10 
97, 3, Flavor, 0, Tile 10 
98, 3, Flavor, 0, Tile 10 
99, 3, Flavor, 0, Tile 10 
100, 3, Flavor, 0, Tile 10 
101, 3, Flavor, 0, Tile 10 
102, 3, Tile, 0, Tile 11 
119, 3, Tile, 0, Tile 13 
0, 4, Flavor, 0, Tile 10 
1, 4, Flavor, 0, Tile 10 
2, 4, Flavor, 0, Tile 10 
3, 4, Flavor, 0, Tile 10 
4, 4, Flavor, 0, Tile 10 
5, 4, Flavor, 0, Tile 10 
6, 4, Flavor, 0, Tile 10 
7, 4, Flavor, 0, Tile 10 
8, 4, Flavor, 0, Tile 10 
9, 4, Flavor, 0, Tile 10 
10, 4, Tile, 0, Tile 11 
13, 4, Tile, 0, Tile 1 
27, 4, Tile, 0, Tile 1 
28, 4, Flavor, 0, Tile 10 
29, 4, Flavor, 0, Tile 10 
30, 4, Flavor, 0, Tile 10 
31, 4, Flavor, 0, Tile 10 
32, 4, Tile, 0, Tile 2 
33, 4, Flavor, 0, Tile 10 
34, 4, Flavor, 0, Tile 10 
35, 4, Flavor, 0, Tile 10 
36, 4, Flavor, 0, Tile 10 
37, 4, Flavor, 0, Tile 10 
38, 4, Flavor, 0, Tile 10 
39, 4, Flavor, 0, Tile 10 
40, 4, Flavor, 0, Tile 10 
41, 4, Flavor, 0, Tile 10 
42, 4, Tile, 0, Tile 11 
59, 4, Tile, 0, Tile 13 
60, 4, Flavor, 0, Tile 10 
61, 4, Flavor, 0, Tile 10 
62, 4, Tile, 90, Tile 8 
63, 4, Tile, 0, Tile 12 
64, 4, Tile, 0, Tile 12 
65, 4, Tile, 0, Tile 12 
66, 4, Tile, 0, Tile 12 
67, 4, Tile, 0, Tile 12 
68, 4, Tile, 0, Tile 1 
74, 4, Ladder, 0, Tile 26 
75, 4, Tile, 0, Tile 13 
76, 4, Flavor, 0, Tile 10 
77, 4, Flavor, 0, Tile 10 
78, 4, Flavor, 0, Tile 10 
79, 4, Flavor, 0, Tile 10 
80, 4, Tile, 0, Tile 11 
82, 4, Tile, 90, Tile 8 
85, 4, Tile, 0, Tile 13 
86, 4, Flavor, 0, Tile 10 
87, 4, Flavor, 0, Tile 10 
88, 4, Flavor, 0, Tile 10 
89, 4, Flavor, 0, Tile 10 
90, 4, Flavor, 0, Tile 10 
91, 4, Tile, 0, Tile 1 
94, 4, Tile, 0, Tile 13 
95, 4, Flavor, 0, Tile 10 
96, 4, Flavor, 0, Tile 10 
97, 4, Flavor, 0, Tile 10 
98, 4, Flavor, 0, Tile 10 
99, 4, Flavor, 0, Tile 10 
100, 4, Flavor, 0, Tile 10 
101, 4, Flavor, 0, Tile 10 
102, 4, Tile, 0, Tile 11 
119, 4, Tile, 0, Tile 13 
0, 5, Flavor, 0, Tile 10 
1, 5, Flavor, 0, Tile 10 
2, 5, Flavor, 0, Tile 10 
3, 5, Flavor, 0, Tile 10 
4, 5, Flavor, 0, Tile 10 
5, 5, Flavor, 0, Tile 10 
6, 5, Flavor, 0, Tile 10 
7, 5, Flavor, 0, Tile 10 
8, 5, Flavor, 0, Tile 10 
9, 5, Flavor, 0, Tile 10 
10, 5, Tile, 0, Tile 11 
13, 5, Tile, 0, Tile 25 
27, 5, Tile, 0, Tile 25 
28, 5, Tile, 0, Tile 13 
29, 5, Flavor, 0, Tile 10 
30, 5, Flavor, 0, Tile 10 
31, 5, Flavor, 0, Tile 10 
32, 5, Flavor, 0, Tile 10 
33, 5, Flavor, 0, Tile 10 
34, 5, Flavor, 0, Tile 10 
35, 5, Flavor, 0, Tile 10 
36, 5, Flavor, 0, Tile 10 
37, 5, Flavor, 0, Tile 10 
38, 5, Flavor, 0, Tile 10 
39, 5, Flavor, 0, Tile 10 
40, 5, Flavor, 0, Tile 10 
41, 5, Flavor, 0, Tile 10 
42, 5, Tile, 0, Tile 11 
59, 5, Tile, 0, Tile 13 
60, 5, Flavor, 0, Tile 10 
61, 5, Flavor, 0, Tile 10 
62, 5, Tile, 90, Tile 8 
63, 5, Flavor, 0, Tile 10 
64, 5, Flavor, 0, Tile 10 
65, 5, Flavor, 0, Tile 10 
66, 5, Flavor, 0, Tile 10 
67, 5, Flavor, 0, Tile 10 
68, 5, Tile, 0, Tile 11 
74, 5, Ladder, 0, Tile 26 
75, 5, Tile, 0, Tile 13 
76, 5, Flavor, 0, Tile 10 
77, 5, Flavor, 0, Tile 10 
78, 5, Flavor, 0, Tile 10 
79, 5, Flavor, 0, Tile 10 
80, 5, Tile, 0, Tile 11 
82, 5, Tile, 90, Tile 8 
85, 5, Tile, 0, Tile 13 
86, 5, Flavor, 0, Tile 10 
87, 5, Flavor, 0, Tile 10 
88, 5, Flavor, 0, Tile 10 
89, 5, Flavor, 0, Tile 10 
90, 5, Flavor, 0, Tile 10 
91, 5, Tile, 0, Tile 11 
94, 5, Tile, 0, Tile 13 
95, 5, Flavor, 0, Tile 10 
96, 5, Flavor, 0, Tile 10 
97, 5, Flavor, 0, Tile 10 
98, 5, Flavor, 0, Tile 10 
99, 5, Flavor, 0, Tile 10 
100, 5, Flavor, 0, Tile 10 
101, 5, Flavor, 0, Tile 10 
102, 5, Tile, 0, Tile 11 
119, 5, Tile, 0, Tile 13 
0, 6, Flavor, 0, Tile 10 
1, 6, Flavor, 0, Tile 10 
2, 6, Flavor, 0, Tile 10 
3, 6, Tile, 0, Tile 1 
4, 6, Flavor, 0, Tile 10 
5, 6, Flavor, 0, Tile 10 
6, 6, Flavor, 0, Tile 10 
7, 6, Flavor, 0, Tile 10 
8, 6, Flavor, 0, Tile 10 
9, 6, Flavor, 0, Tile 10 
10, 6, Tile, 0, Tile 11 
13, 6, Tile, 90, Tile 8 
27, 6, Tile, 90, Tile 8 
28, 6, Tile, 0, Tile 13 
29, 6, Flavor, 0, Tile 10 
30, 6, Flavor, 0, Tile 10 
31, 6, Flavor, 0, Tile 10 
32, 6, Flavor, 0, Tile 10 
33, 6, Flavor, 0, Tile 10 
34, 6, Flavor, 0, Tile 10 
35, 6, Flavor, 0, Tile 10 
36, 6, Flavor, 0, Tile 10 
37, 6, Flavor, 0, Tile 10 
38, 6, Flavor, 0, Tile 10 
39, 6, Flavor, 0, Tile 10 
40, 6, Flavor, 0, Tile 10 
41, 6, Flavor, 0, Tile 10 
42, 6, Tile, 0, Tile 11 
59, 6, Tile, 0, Tile 13 
60, 6, Flavor, 0, Tile 10 
61, 6, Flavor, 0, Tile 10 
62, 6, Tile, 90, Tile 8 
63, 6, Flavor, 0, Tile 10 
64, 6, Flavor, 0, Tile 10 
65, 6, Flavor, 0, Tile 10 
66, 6, Flavor, 0, Tile 10 
67, 6, Flavor, 0, Tile 10 
68, 6, Tile, 0, Tile 11 
74, 6, Ladder, 0, Tile 26 
75, 6, Tile, 0, Tile 13 
76, 6, Flavor, 0, Tile 10 
77, 6, Flavor, 0, Tile 10 
78, 6, Flavor, 0, Tile 10 
79, 6, Flavor, 0, Tile 10 
80, 6, Tile, 0, Tile 11 
82, 6, Tile, 90, Tile 8 
85, 6, Tile, 0, Tile 13 
86, 6, Flavor, 0, Tile 10 
87, 6, Flavor, 0, Tile 10 
88, 6, Flavor, 0, Tile 10 
89, 6, Flavor, 0, Tile 10 
90, 6, Flavor, 0, Tile 10 
91, 6, Tile, 0, Tile 11 
94, 6, Tile, 0, Tile 13 
95, 6, Flavor, 0, Tile 10 
96, 6, Flavor, 0, Tile 10 
97, 6, Flavor, 0, Tile 10 
98, 6, Flavor, 0, Tile 10 
99, 6, Flavor, 0, Tile 10 
100, 6, Flavor, 0, Tile 10 
101, 6, Flavor, 0, Tile 10 
102, 6, Tile, 0, Tile 11 
119, 6, Tile, 0, Tile 13 
0, 7, Flavor, 0, Tile 10 
1, 7, Flavor, 0, Tile 10 
2, 7, Flavor, 0, Tile 10 
3, 7, Flavor, 0, Tile 10 
4, 7, Flavor, 0, Tile 10 
5, 7, Flavor, 0, Tile 10 
6, 7, Flavor, 0, Tile 10 
7, 7, Flavor, 0, Tile 10 
8, 7, Flavor, 0, Tile 10 
9, 7, Flavor, 0, Tile 10 
10, 7, Tile, 0, Tile 11 
13, 7, Tile, 90, Tile 8 
27, 7, Tile, 90, Tile 8 
28, 7, Tile, 0, Tile 13 
29, 7, Flavor, 0, Tile 10 
30, 7, Flavor, 0, Tile 10 
31, 7, Flavor, 0, Tile 10 
32, 7, Flavor, 0, Tile 10 
33, 7, Flavor, 0, Tile 10 
34, 7, Flavor, 0, Tile 10 
35, 7, Flavor, 0, Tile 10 
36, 7, Flavor, 0, Tile 10 
37, 7, Flavor, 0, Tile 10 
38, 7, Flavor, 0, Tile 10 
39, 7, Flavor, 0, Tile 10 
40, 7, Flavor, 0, Tile 10 
41, 7, Flavor, 0, Tile 10 
42, 7, Tile, 0, Tile 11 
59, 7, Tile, 0, Tile 13 
60, 7, Flavor, 0, Tile 10 
61, 7, Flavor, 0, Tile 10 
62, 7, Tile, 90, Tile 8 
63, 7, Flavor, 0, Tile 10 
64, 7, Flavor, 0, Tile 10 
65, 7, Flavor, 0, Tile 10 
66, 7, Tile, 0, Tile 14 
67, 7, Tile, 0, Tile 14 
68, 7, Tile, 0, Tile 2 
74, 7, Ladder, 0, Tile 26 
75, 7, Tile, 0, Tile 13 
76, 7, Flavor, 0, Tile 10 
77, 7, Flavor, 0, Tile 10 
78, 7, Flavor, 0, Tile 10 
79, 7, Flavor, 0, Tile 10 
80, 7, Tile, 0, Tile 11 
82, 7, Tile, 90, Tile 8 
85, 7, Tile, 0, Tile 1 
86, 7, Tile, 0, Tile 14 
87, 7, Flavor, 0, Tile 10 
88, 7, Flavor, 0, Tile 10 
89, 7, Flavor, 0, Tile 10 
90, 7, Flavor, 0, Tile 10 
91, 7, Tile, 0, Tile 11 
94, 7, Tile, 0, Tile 13 
95, 7, Flavor, 0, Tile 10 
96, 7, Flavor, 0, Tile 10 
97, 7, Flavor, 0, Tile 10 
98, 7, Flavor, 0, Tile 10 
99, 7, Flavor, 0, Tile 10 
100, 7, Flavor, 0, Tile 10 
101, 7, Flavor, 0, Tile 10 
102, 7, Tile, 0, Tile 11 
119, 7, Tile, 0, Tile 13 
0, 8, Flavor, 0, Tile 10 
1, 8, Flavor, 0, Tile 10 
2, 8, Flavor, 0, Tile 10 
3, 8, Flavor, 0, Tile 10 
4, 8, Flavor, 0, Tile 10 
5, 8, Flavor, 0, Tile 10 
6, 8, Flavor, 0, Tile 10 
7, 8, Flavor, 0, Tile 10 
8, 8, Flavor, 0, Tile 10 
9, 8, Flavor, 0, Tile 10 
10, 8, Tile, 0, Tile 11 
13, 8, Tile, 0, Tile 1 
16, 8, Tile, 0, Tile 9 
17, 8, Tile, 0, Tile 4 
18, 8, Tile, 0, Tile 4 
19, 8, Tile, 0, Tile 4 
20, 8, Tile, 0, Tile 4 
21, 8, Tile, 0, Tile 4 
22, 8, Tile, 0, Tile 4 
23, 8, Tile, 0, Tile 4 
24, 8, Tile, 0, Tile 4 
25, 8, Tile, 0, Tile 4 
26, 8, Tile, 0, Tile 4 
27, 8, Tile, 0, Tile 1 
28, 8, Flavor, 0, Tile 10 
29, 8, Flavor, 0, Tile 10 
30, 8, Flavor, 0, Tile 10 
31, 8, Flavor, 0, Tile 10 
32, 8, Flavor, 0, Tile 10 
33, 8, Flavor, 0, Tile 10 
34, 8, Flavor, 0, Tile 10 
35, 8, Flavor, 0, Tile 10 
36, 8, Flavor, 0, Tile 10 
37, 8, Flavor, 0, Tile 10 
38, 8, Ladder, 0, Tile 21 
39, 8, Flavor, 0, Tile 10 
40, 8, Flavor, 0, Tile 10 
41, 8, Flavor, 0, Tile 10 
42, 8, Tile, 0, Tile 1 
59, 8, Tile, 0, Tile 13 
60, 8, Flavor, 0, Tile 10 
61, 8, Flavor, 0, Tile 10 
62, 8, Tile, 90, Tile 8 
63, 8, Flavor, 0, Tile 10 
64, 8, Flavor, 0, Tile 10 
65, 8, Tile, 0, Tile 11 
75, 8, Tile, 0, Tile 13 
76, 8, Flavor, 0, Tile 10 
77, 8, Flavor, 0, Tile 10 
78, 8, Flavor, 0, Tile 10 
79, 8, Flavor, 0, Tile 10 
80, 8, Tile, 0, Tile 11 
82, 8, Tile, 90, Tile 8 
86, 8, Spikes, 180, Tile 24 
87, 8, Tile, 0, Tile 13 
88, 8, Flavor, 0, Tile 10 
89, 8, Flavor, 0, Tile 10 
90, 8, Flavor, 0, Tile 10 
91, 8, Tile, 0, Tile 11 
94, 8, Tile, 0, Tile 13 
95, 8, Flavor, 0, Tile 10 
96, 8, Flavor, 0, Tile 10 
97, 8, Flavor, 0, Tile 10 
98, 8, Flavor, 0, Tile 10 
99, 8, Flavor, 0, Tile 10 
100, 8, Flavor, 0, Tile 10 
101, 8, Flavor, 0, Tile 10 
102, 8, Tile, 0, Tile 11 
107, 8, Tile, 0, Tile 25 
108, 8, Tile, 0, Tile 8 
109, 8, Tile, 0, Tile 8 
110, 8, Tile, 0, Tile 8 
111, 8, Tile, 0, Tile 8 
112, 8, Tile, 0, Tile 8 
113, 8, Tile, 0, Tile 8 
114, 8, Tile, 0, Tile 8 
115, 8, Tile, 0, Tile 8 
116, 8, Tile, 0, Tile 8 
117, 8, Tile, 0, Tile 8 
118, 8, Tile, 0, Tile 8 
119, 8, Tile, 0, Tile 13 
0, 9, Flavor, 0, Tile 10 
1, 9, Flavor, 0, Tile 10 
2, 9, Flavor, 0, Tile 10 
3, 9, Flavor, 0, Tile 10 
4, 9, Flavor, 0, Tile 10 
5, 9, Flavor, 0, Tile 10 
6, 9, Flavor, 0, Tile 10 
7, 9, Flavor, 0, Tile 10 
8, 9, Flavor, 0, Tile 10 
9, 9, Flavor, 0, Tile 10 
10, 9, Tile, 0, Tile 11 
13, 9, Tile, 0, Tile 1 
27, 9, Tile, 0, Tile 1 
28, 9, Flavor, 0, Tile 10 
29, 9, Flavor, 0, Tile 10 
30, 9, Flavor, 0, Tile 10 
31, 9, Flavor, 0, Tile 10 
32, 9, Flavor, 0, Tile 10 
33, 9, Flavor, 0, Tile 10 
34, 9, Flavor, 0, Tile 10 
35, 9, Flavor, 0, Tile 10 
36, 9, Flavor, 0, Tile 10 
37, 9, Flavor, 0, Tile 10 
38, 9, Ladder, 0, Tile 21 
39, 9, Flavor, 0, Tile 10 
40, 9, Flavor, 0, Tile 10 
41, 9, Tile, 0, Tile 11 
42, 9, Ladder, 0, Tile 15 
43, 9, Ladder, 0, Tile 17 
59, 9, Tile, 0, Tile 13 
60, 9, Flavor, 0, Tile 10 
61, 9, Flavor, 0, Tile 10 
62, 9, Tile, 90, Tile 8 
63, 9, Flavor, 0, Tile 10 
64, 9, Flavor, 0, Tile 10 
65, 9, Tile, 0, Tile 11 
75, 9, Tile, 0, Tile 13 
76, 9, Flavor, 0, Tile 10 
77, 9, Flavor, 0, Tile 10 
78, 9, Flavor, 0, Tile 10 
79, 9, Flavor, 0, Tile 10 
80, 9, Tile, 0, Tile 11 
82, 9, Tile, 0, Tile 25 
83, 9, Tile, 0, Tile 8 
84, 9, Tile, 0, Tile 25 
87, 9, Tile, 0, Tile 13 
88, 9, Flavor, 0, Tile 10 
89, 9, Flavor, 0, Tile 10 
90, 9, Flavor, 0, Tile 10 
91, 9, Tile, 0, Tile 11 
94, 9, Tile, 0, Tile 13 
95, 9, Flavor, 0, Tile 10 
96, 9, Flavor, 0, Tile 10 
97, 9, Flavor, 0, Tile 10 
98, 9, Flavor, 0, Tile 10 
99, 9, Flavor, 0, Tile 10 
100, 9, Flavor, 0, Tile 10 
101, 9, Flavor, 0, Tile 10 
102, 9, Tile, 0, Tile 11 
107, 9, Tile, 90, Tile 8 
119, 9, Tile, 0, Tile 13 
0, 10, Flavor, 0, Tile 10 
1, 10, Flavor, 0, Tile 10 
2, 10, Flavor, 0, Tile 10 
3, 10, Flavor, 0, Tile 10 
4, 10, Flavor, 0, Tile 10 
5, 10, Flavor, 0, Tile 10 
6, 10, Flavor, 0, Tile 10 
7, 10, Flavor, 0, Tile 10 
8, 10, Flavor, 0, Tile 10 
9, 10, Flavor, 0, Tile 10 
10, 10, Tile, 0, Tile 11 
13, 10, Tile, 0, Tile 25 
27, 10, Tile, 0, Tile 25 
28, 10, Tile, 0, Tile 13 
29, 10, Flavor, 0, Tile 10 
30, 10, Tile, 0, Tile 14 
31, 10, Tile, 0, Tile 14 
32, 10, Tile, 0, Tile 14 
33, 10, Tile, 0, Tile 14 
34, 10, Tile, 0, Tile 14 
35, 10, Tile, 0, Tile 14 
36, 10, Tile, 0, Tile 14 
37, 10, Tile, 0, Tile 14 
38, 10, Ladder, 0, Tile 21 
39, 10, Tile, 0, Tile 14 
40, 10, Tile, 0, Tile 14 
41, 10, Tile, 0, Tile 1 
42, 10, Ladder, 0, Tile 21 
43, 10, Tile, 0, Tile 1 
44, 10, Tile, 0, Tile 8 
45, 10, Tile, 0, Tile 8 
46, 10, Tile, 0, Tile 8 
47, 10, Tile, 0, Tile 8 
48, 10, Tile, 0, Tile 8 
49, 10, Tile, 0, Tile 8 
50, 10, Tile, 0, Tile 8 
51, 10, Tile, 0, Tile 8 
52, 10, Tile, 0, Tile 8 
53, 10, Tile, 0, Tile 8 
54, 10, Tile, 0, Tile 8 
55, 10, Tile, 0, Tile 8 
56, 10, Tile, 0, Tile 25 
59, 10, Tile, 0, Tile 13 
60, 10, Flavor, 0, Tile 10 
61, 10, Flavor, 0, Tile 10 
62, 10, Tile, 90, Tile 8 
63, 10, Flavor, 0, Tile 10 
64, 10, Flavor, 0, Tile 10 
65, 10, Tile, 0, Tile 11 
75, 10, Tile, 0, Tile 13 
76, 10, Flavor, 0, Tile 10 
77, 10, Flavor, 0, Tile 10 
78, 10, Tile, 0, Tile 14 
79, 10, Flavor, 0, Tile 10 
80, 10, Tile, 0, Tile 11 
87, 10, Tile, 0, Tile 13 
88, 10, Flavor, 0, Tile 10 
89, 10, Flavor, 0, Tile 10 
90, 10, Flavor, 0, Tile 10 
91, 10, Tile, 0, Tile 11 
94, 10, Tile, 0, Tile 13 
95, 10, Flavor, 0, Tile 10 
96, 10, Flavor, 0, Tile 10 
97, 10, Flavor, 0, Tile 10 
98, 10, Flavor, 0, Tile 10 
99, 10, Flavor, 0, Tile 10 
100, 10, Flavor, 0, Tile 10 
101, 10, Flavor, 0, Tile 10 
102, 10, Tile, 0, Tile 11 
107, 10, Tile, 90, Tile 8 
119, 10, Tile, 0, Tile 13 
0, 11, Flavor, 0, Tile 10 
1, 11, Tile, 0, Tile 14 
2, 11, Tile, 0, Tile 14 
3, 11, Tile, 0, Tile 14 
4, 11, Tile, 0, Tile 14 
5, 11, Tile, 0, Tile 14 
6, 11, Tile, 0, Tile 14 
7, 11, Tile, 0, Tile 14 
8, 11, Tile, 0, Tile 14 
9, 11, Tile, 0, Tile 14 
10, 11, Tile, 0, Tile 1 
13, 11, Tile, 90, Tile 8 
27, 11, Tile, 90, Tile 8 
28, 11, Tile, 0, Tile 13 
29, 11, Tile, 0, Tile 11 
39, 11, Ladder, 0, Tile 21 
40, 11, Ladder, 0, Tile 23 
41, 11, Ladder, 0, Tile 23 
42, 11, Ladder, 0, Tile 23 
43, 11, Tile, 0, Tile 13 
44, 11, Tile, 0, Tile 1 
59, 11, Tile, 0, Tile 13 
60, 11, Flavor, 0, Tile 10 
61, 11, Flavor, 0, Tile 10 
62, 11, Tile, 90, Tile 8 
63, 11, Flavor, 0, Tile 10 
64, 11, Flavor, 0, Tile 10 
65, 11, Tile, 0, Tile 11 
68, 11, Tile, 0, Tile 9 
69, 11, Tile, 0, Tile 4 
70, 11, Tile, 0, Tile 4 
71, 11, Tile, 0, Tile 4 
72, 11, Tile, 0, Tile 4 
73, 11, Tile, 0, Tile 4 
74, 11, Tile, 0, Tile 4 
75, 11, Tile, 0, Tile 1 
76, 11, Flavor, 0, Tile 10 
77, 11, Tile, 0, Tile 11 
78, 11, Tile, 0, Tile 4 
79, 11, Tile, 0, Tile 13 
80, 11, Tile, 0, Tile 1 
81, 11, Tile, 0, Tile 5 
87, 11, Tile, 0, Tile 13 
88, 11, Flavor, 0, Tile 10 
89, 11, Flavor, 0, Tile 10 
90, 11, Flavor, 0, Tile 10 
91, 11, Tile, 0, Tile 11 
94, 11, Tile, 0, Tile 13 
95, 11, Flavor, 0, Tile 10 
96, 11, Flavor, 0, Tile 10 
97, 11, Flavor, 0, Tile 10 
98, 11, Flavor, 0, Tile 10 
99, 11, Flavor, 0, Tile 10 
100, 11, Flavor, 0, Tile 10 
101, 11, Flavor, 0, Tile 10 
102, 11, Tile, 0, Tile 11 
107, 11, Tile, 90, Tile 8 
119, 11, Tile, 0, Tile 13 
0, 12, Tile, 0, Tile 11 
13, 12, Tile, 90, Tile 8 
27, 12, Tile, 90, Tile 8 
28, 12, Tile, 0, Tile 13 
29, 12, Tile, 0, Tile 11 
39, 12, Ladder, 0, Tile 21 
40, 12, Ladder, 0, Tile 23 
41, 12, Ladder, 0, Tile 23 
42, 12, Ladder, 0, Tile 23 
43, 12, Tile, 0, Tile 13 
44, 12, Tile, 0, Tile 11 
59, 12, Tile, 0, Tile 13 
60, 12, Flavor, 0, Tile 10 
61, 12, Flavor, 0, Tile 10 
62, 12, Tile, 90, Tile 8 
63, 12, Flavor, 0, Tile 10 
64, 12, Flavor, 0, Tile 10 
65, 12, Tile, 0, Tile 11 
75, 12, Tile, 0, Tile 13 
76, 12, Flavor, 0, Tile 10 
77, 12, Flavor, 0, Tile 10 
78, 12, Tile, 0, Tile 12 
79, 12, Flavor, 0, Tile 10 
80, 12, Tile, 0, Tile 11 
87, 12, Tile, 0, Tile 13 
88, 12, Flavor, 0, Tile 10 
89, 12, Flavor, 0, Tile 10 
90, 12, Flavor, 0, Tile 10 
91, 12, Tile, 0, Tile 11 
93, 12, Spikes, 0, Tile 24 
94, 12, Tile, 0, Tile 13 
95, 12, Flavor, 0, Tile 10 
96, 12, Flavor, 0, Tile 10 
97, 12, Flavor, 0, Tile 10 
98, 12, Flavor, 0, Tile 10 
99, 12, Flavor, 0, Tile 10 
100, 12, Flavor, 0, Tile 10 
101, 12, Flavor, 0, Tile 10 
102, 12, Tile, 0, Tile 1 
107, 12, Tile, 90, Tile 8 
119, 12, Tile, 0, Tile 13 
0, 13, Tile, 0, Tile 11 
13, 13, Tile, 0, Tile 1 
14, 13, Tile, 0, Tile 4 
15, 13, Tile, 0, Tile 4 
16, 13, Tile, 0, Tile 4 
17, 13, Tile, 0, Tile 4 
18, 13, Tile, 0, Tile 4 
19, 13, Tile, 0, Tile 4 
20, 13, Tile, 0, Tile 4 
21, 13, Tile, 0, Tile 4 
22, 13, Tile, 0, Tile 4 
23, 13, Tile, 0, Tile 4 
24, 13, Tile, 0, Tile 5 
27, 13, Tile, 0, Tile 1 
28, 13, Flavor, 0, Tile 10 
29, 13, Tile, 0, Tile 11 
39, 13, Ladder, 0, Tile 20 
40, 13, Ladder, 0, Tile 19 
41, 13, Ladder, 0, Tile 19 
42, 13, Ladder, 0, Tile 19 
43, 13, Tile, 0, Tile 13 
44, 13, Tile, 0, Tile 11 
52, 13, Tile, 0, Tile 25 
59, 13, Tile, 0, Tile 13 
60, 13, Flavor, 0, Tile 10 
61, 13, Flavor, 0, Tile 10 
62, 13, Tile, 90, Tile 8 
63, 13, Flavor, 0, Tile 10 
64, 13, Flavor, 0, Tile 10 
65, 13, Tile, 0, Tile 11 
75, 13, Tile, 0, Tile 13 
76, 13, Flavor, 0, Tile 10 
77, 13, Flavor, 0, Tile 10 
78, 13, Flavor, 0, Tile 10 
79, 13, Flavor, 0, Tile 10 
80, 13, Flavor, 0, Tile 10 
81, 13, Tile, 0, Tile 12 
82, 13, Tile, 0, Tile 1 
83, 13, Spikes, 0, Tile 24 
84, 13, Tile, 0, Tile 1 
85, 13, Tile, 0, Tile 1 
86, 13, Spikes, 0, Tile 24 
87, 13, Tile, 0, Tile 13 
88, 13, Flavor, 0, Tile 10 
89, 13, Flavor, 0, Tile 10 
90, 13, Flavor, 0, Tile 10 
91, 13, Tile, 0, Tile 11 
93, 13, Tile, 0, Tile 25 
94, 13, Tile, 0, Tile 8 
95, 13, Tile, 0, Tile 8 
96, 13, Tile, 0, Tile 8 
97, 13, Tile, 0, Tile 8 
98, 13, Tile, 0, Tile 8 
99, 13, Tile, 0, Tile 8 
100, 13, Tile, 0, Tile 8 
101, 13, Tile, 0, Tile 8 
102, 13, Tile, 0, Tile 25 
107, 13, Tile, 0, Tile 25 
119, 13, Tile, 0, Tile 13 
0, 14, Tile, 0, Tile 11 
13, 14, Tile, 90, Tile 4 
27, 14, Tile, 0, Tile 13 
28, 14, Flavor, 0, Tile 10 
29, 14, Tile, 0, Tile 11 
39, 14, Ladder, 0, Tile 26 
40, 14, Tile, 0, Tile 25 
41, 14, Spikes, 0, Tile 24 
42, 14, Spikes, 0, Tile 24 
43, 14, Tile, 0, Tile 13 
44, 14, Tile, 0, Tile 11 
52, 14, Tile, 90, Tile 8 
59, 14, Tile, 0, Tile 13 
60, 14, Flavor, 0, Tile 10 
61, 14, Flavor, 0, Tile 10 
62, 14, Tile, 90, Tile 8 
63, 14, Flavor, 0, Tile 10 
64, 14, Flavor, 0, Tile 10 
65, 14, Tile, 0, Tile 11 
75, 14, Tile, 0, Tile 13 
76, 14, Flavor, 0, Tile 10 
77, 14, Flavor, 0, Tile 10 
78, 14, Flavor, 0, Tile 10 
79, 14, Flavor, 0, Tile 10 
80, 14, Flavor, 0, Tile 10 
81, 14, Flavor, 0, Tile 10 
82, 14, Flavor, 0, Tile 10 
83, 14, Tile, 0, Tile 12 
84, 14, Flavor, 0, Tile 10 
85, 14, Flavor, 0, Tile 10 
86, 14, Tile, 0, Tile 12 
87, 14, Flavor, 0, Tile 10 
88, 14, Flavor, 0, Tile 10 
89, 14, Flavor, 0, Tile 10 
90, 14, Flavor, 0, Tile 10 
91, 14, Tile, 0, Tile 11 
94, 14, Tile, 0, Tile 13 
95, 14, Flavor, 0, Tile 10 
96, 14, Flavor, 0, Tile 10 
97, 14, Flavor, 0, Tile 10 
98, 14, Flavor, 0, Tile 10 
99, 14, Flavor, 0, Tile 10 
100, 14, Flavor, 0, Tile 10 
101, 14, Flavor, 0, Tile 10 
102, 14, Spikes, 90, Tile 24 
119, 14, Tile, 0, Tile 13 
0, 15, Tile, 0, Tile 11 
13, 15, Tile, 90, Tile 4 
27, 15, Tile, 0, Tile 1 
28, 15, Flavor, 0, Tile 10 
29, 15, Tile, 0, Tile 1 
39, 15, Ladder, 0, Tile 26 
40, 15, Tile, 0, Tile 25 
41, 15, Tile, 0, Tile 8 
42, 15, Tile, 0, Tile 8 
43, 15, Tile, 0, Tile 13 
44, 15, Tile, 0, Tile 11 
52, 15, Tile, 90, Tile 8 
59, 15, Tile, 0, Tile 13 
60, 15, Flavor, 0, Tile 10 
61, 15, Flavor, 0, Tile 10 
62, 15, Tile, 90, Tile 8 
63, 15, Flavor, 0, Tile 10 
64, 15, Flavor, 0, Tile 10 
65, 15, Tile, 0, Tile 11 
75, 15, Tile, 0, Tile 13 
76, 15, Flavor, 0, Tile 10 
77, 15, Flavor, 0, Tile 10 
78, 15, Flavor, 0, Tile 10 
79, 15, Flavor, 0, Tile 10 
80, 15, Flavor, 0, Tile 10 
81, 15, Flavor, 0, Tile 10 
82, 15, Flavor, 0, Tile 10 
83, 15, Flavor, 0, Tile 10 
84, 15, Flavor, 0, Tile 10 
85, 15, Flavor, 0, Tile 10 
86, 15, Flavor, 0, Tile 10 
87, 15, Flavor, 0, Tile 10 
88, 15, Flavor, 0, Tile 10 
89, 15, Flavor, 0, Tile 10 
90, 15, Flavor, 0, Tile 10 
91, 15, Tile, 0, Tile 11 
94, 15, Tile, 0, Tile 13 
95, 15, Flavor, 0, Tile 10 
96, 15, Flavor, 0, Tile 10 
97, 15, Flavor, 0, Tile 10 
98, 15, Flavor, 0, Tile 10 
99, 15, Flavor, 0, Tile 10 
100, 15, Flavor, 0, Tile 10 
101, 15, Flavor, 0, Tile 10 
102, 15, Spikes, 90, Tile 24 
119, 15, Tile, 0, Tile 13 
0, 16, Tile, 0, Tile 11 
13, 16, Tile, 90, Tile 5 
27, 16, Spikes, 180, Tile 24 
28, 16, Spikes, 180, Tile 24 
29, 16, Spikes, 180, Tile 24 
39, 16, Ladder, 0, Tile 26 
42, 16, Tile, 0, Tile 1 
43, 16, Flavor, 0, Tile 10 
44, 16, Tile, 0, Tile 11 
47, 16, Tile, 0, Tile 2 
48, 16, Tile, 0, Tile 12 
49, 16, Tile, 0, Tile 12 
50, 16, Tile, 0, Tile 12 
51, 16, Tile, 0, Tile 12 
52, 16, Tile, 90, Tile 8 
53, 16, Tile, 0, Tile 12 
54, 16, Tile, 0, Tile 12 
55, 16, Tile, 0, Tile 12 
56, 16, Tile, 0, Tile 12 
57, 16, Tile, 0, Tile 12 
58, 16, Tile, 0, Tile 12 
59, 16, Flavor, 0, Tile 10 
60, 16, Flavor, 0, Tile 10 
61, 16, Flavor, 0, Tile 10 
62, 16, Tile, 90, Tile 8 
63, 16, Flavor, 0, Tile 10 
64, 16, Flavor, 0, Tile 10 
65, 16, Tile, 0, Tile 11 
70, 16, Tile, 0, Tile 1 
75, 16, Tile, 0, Tile 13 
76, 16, Flavor, 0, Tile 10 
77, 16, Flavor, 0, Tile 10 
78, 16, Flavor, 0, Tile 10 
79, 16, Flavor, 0, Tile 10 
80, 16, Flavor, 0, Tile 10 
81, 16, Flavor, 0, Tile 10 
82, 16, Flavor, 0, Tile 10 
83, 16, Flavor, 0, Tile 10 
84, 16, Flavor, 0, Tile 10 
85, 16, Flavor, 0, Tile 10 
86, 16, Flavor, 0, Tile 10 
87, 16, Flavor, 0, Tile 10 
88, 16, Flavor, 0, Tile 10 
89, 16, Flavor, 0, Tile 10 
90, 16, Flavor, 0, Tile 10 
91, 16, Tile, 0, Tile 11 
94, 16, Tile, 0, Tile 13 
95, 16, Flavor, 0, Tile 10 
96, 16, Flavor, 0, Tile 10 
97, 16, Flavor, 0, Tile 10 
98, 16, Flavor, 0, Tile 10 
99, 16, Flavor, 0, Tile 10 
100, 16, Flavor, 0, Tile 10 
101, 16, Flavor, 0, Tile 10 
102, 16, Tile, 0, Tile 25 
119, 16, Tile, 0, Tile 13 
0, 17, Tile, 0, Tile 11 
42, 17, Tile, 0, Tile 13 
43, 17, Flavor, 0, Tile 10 
44, 17, Tile, 0, Tile 11 
47, 17, Tile, 0, Tile 13 
48, 17, Flavor, 0, Tile 10 
49, 17, Flavor, 0, Tile 10 
50, 17, Flavor, 0, Tile 10 
51, 17, Flavor, 0, Tile 10 
52, 17, Tile, 90, Tile 8 
53, 17, Flavor, 0, Tile 10 
54, 17, Flavor, 0, Tile 10 
55, 17, Flavor, 0, Tile 10 
56, 17, Flavor, 0, Tile 10 
57, 17, Flavor, 0, Tile 10 
58, 17, Flavor, 0, Tile 10 
59, 17, Flavor, 0, Tile 10 
60, 17, Flavor, 0, Tile 10 
61, 17, Flavor, 0, Tile 10 
62, 17, Tile, 90, Tile 8 
63, 17, Flavor, 0, Tile 10 
64, 17, Flavor, 0, Tile 10 
65, 17, Tile, 0, Tile 11 
70, 17, Tile, 0, Tile 1 
75, 17, Tile, 0, Tile 13 
76, 17, Flavor, 0, Tile 10 
77, 17, Flavor, 0, Tile 10 
78, 17, Flavor, 0, Tile 10 
79, 17, Flavor, 0, Tile 10 
80, 17, Flavor, 0, Tile 10 
81, 17, Flavor, 0, Tile 10 
82, 17, Flavor, 0, Tile 10 
83, 17, Flavor, 0, Tile 10 
84, 17, Flavor, 0, Tile 10 
85, 17, Flavor, 0, Tile 10 
86, 17, Flavor, 0, Tile 10 
87, 17, Flavor, 0, Tile 10 
88, 17, Flavor, 0, Tile 10 
89, 17, Flavor, 0, Tile 10 
90, 17, Flavor, 0, Tile 10 
91, 17, Tile, 0, Tile 11 
94, 17, Tile, 0, Tile 13 
95, 17, Flavor, 0, Tile 10 
96, 17, Flavor, 0, Tile 10 
97, 17, Flavor, 0, Tile 10 
98, 17, Flavor, 0, Tile 10 
99, 17, Flavor, 0, Tile 10 
100, 17, Flavor, 0, Tile 10 
101, 17, Flavor, 0, Tile 10 
102, 17, Tile, 90, Tile 8 
119, 17, Tile, 0, Tile 13 
0, 18, Tile, 0, Tile 1 
2, 18, Player, 0, Starter 
42, 18, Tile, 0, Tile 13 
43, 18, Flavor, 0, Tile 10 
44, 18, Tile, 0, Tile 11 
47, 18, Tile, 0, Tile 13 
48, 18, Flavor, 0, Tile 10 
49, 18, Flavor, 0, Tile 10 
50, 18, Flavor, 0, Tile 10 
51, 18, Flavor, 0, Tile 10 
52, 18, Tile, 90, Tile 8 
53, 18, Flavor, 0, Tile 10 
54, 18, Flavor, 0, Tile 10 
55, 18, Flavor, 0, Tile 10 
56, 18, Flavor, 0, Tile 10 
57, 18, Flavor, 0, Tile 10 
58, 18, Flavor, 0, Tile 10 
59, 18, Flavor, 0, Tile 10 
60, 18, Flavor, 0, Tile 10 
61, 18, Flavor, 0, Tile 10 
62, 18, Tile, 90, Tile 8 
63, 18, Flavor, 0, Tile 10 
64, 18, Flavor, 0, Tile 10 
65, 18, Tile, 0, Tile 11 
70, 18, Tile, 0, Tile 1 
75, 18, Tile, 0, Tile 13 
76, 18, Flavor, 0, Tile 10 
77, 18, Flavor, 0, Tile 10 
78, 18, Flavor, 0, Tile 10 
79, 18, Flavor, 0, Tile 10 
80, 18, Flavor, 0, Tile 10 
81, 18, Flavor, 0, Tile 10 
82, 18, Flavor, 0, Tile 10 
83, 18, Flavor, 0, Tile 10 
84, 18, Flavor, 0, Tile 10 
85, 18, Flavor, 0, Tile 10 
86, 18, Flavor, 0, Tile 10 
87, 18, Flavor, 0, Tile 10 
88, 18, Flavor, 0, Tile 10 
89, 18, Flavor, 0, Tile 10 
90, 18, Flavor, 0, Tile 10 
91, 18, Tile, 0, Tile 11 
94, 18, Tile, 0, Tile 13 
95, 18, Flavor, 0, Tile 10 
96, 18, Flavor, 0, Tile 10 
97, 18, Flavor, 0, Tile 10 
98, 18, Flavor, 0, Tile 10 
99, 18, Flavor, 0, Tile 10 
100, 18, Flavor, 0, Tile 10 
101, 18, Flavor, 0, Tile 10 
102, 18, Tile, 90, Tile 8 
119, 18, Tile, 0, Tile 13 
0, 19, Tile, 0, Tile 4 
1, 19, Tile, 0, Tile 4 
2, 19, Tile, 0, Tile 4 
3, 19, Tile, 0, Tile 4 
4, 19, Tile, 0, Tile 4 
5, 19, Tile, 0, Tile 4 
6, 19, Tile, 0, Tile 4 
7, 19, Tile, 0, Tile 4 
8, 19, Tile, 0, Tile 4 
9, 19, Tile, 0, Tile 5 
42, 19, Tile, 0, Tile 13 
43, 19, Flavor, 0, Tile 10 
44, 19, Tile, 0, Tile 11 
47, 19, Tile, 0, Tile 13 
48, 19, Flavor, 0, Tile 10 
49, 19, Flavor, 0, Tile 10 
50, 19, Flavor, 0, Tile 10 
51, 19, Flavor, 0, Tile 10 
52, 19, Tile, 0, Tile 25 
53, 19, Tile, 0, Tile 8 
54, 19, Tile, 0, Tile 8 
55, 19, Tile, 0, Tile 8 
56, 19, Tile, 0, Tile 25 
57, 19, Tile, 0, Tile 8 
58, 19, Tile, 0, Tile 8 
59, 19, Tile, 0, Tile 8 
60, 19, Tile, 0, Tile 8 
61, 19, Tile, 0, Tile 8 
62, 19, Tile, 0, Tile 25 
63, 19, Tile, 0, Tile 14 
64, 19, Tile, 0, Tile 14 
65, 19, Tile, 0, Tile 1 
70, 19, Spikes, 180, Tile 24 
75, 19, Tile, 0, Tile 13 
76, 19, Flavor, 0, Tile 10 
77, 19, Flavor, 0, Tile 10 
78, 19, Flavor, 0, Tile 10 
79, 19, Flavor, 0, Tile 10 
80, 19, Flavor, 0, Tile 10 
81, 19, Flavor, 0, Tile 10 
82, 19, Flavor, 0, Tile 10 
83, 19, Flavor, 0, Tile 10 
84, 19, Flavor, 0, Tile 10 
85, 19, Flavor, 0, Tile 10 
86, 19, Flavor, 0, Tile 10 
87, 19, Flavor, 0, Tile 10 
88, 19, Flavor, 0, Tile 10 
89, 19, Flavor, 0, Tile 10 
90, 19, Flavor, 0, Tile 10 
91, 19, Tile, 0, Tile 11 
94, 19, Tile, 0, Tile 13 
95, 19, Flavor, 0, Tile 10 
96, 19, Flavor, 0, Tile 10 
97, 19, Flavor, 0, Tile 10 
98, 19, Flavor, 0, Tile 10 
99, 19, Flavor, 0, Tile 10 
100, 19, Flavor, 0, Tile 10 
101, 19, Flavor, 0, Tile 10 
102, 19, Tile, 90, Tile 8 
119, 19, Tile, 0, Tile 13 
0, 20, Tile, 0, Tile 1 
42, 20, Tile, 0, Tile 13 
43, 20, Flavor, 0, Tile 10 
44, 20, Tile, 0, Tile 1 
47, 20, Tile, 0, Tile 1 
48, 20, Flavor, 0, Tile 10 
49, 20, Flavor, 0, Tile 10 
50, 20, Flavor, 0, Tile 10 
51, 20, Flavor, 0, Tile 10 
52, 20, Flavor, 0, Tile 10 
53, 20, Flavor, 0, Tile 10 
54, 20, Flavor, 0, Tile 10 
55, 20, Flavor, 0, Tile 10 
56, 20, Tile, 90, Tile 8 
57, 20, Flavor, 0, Tile 10 
58, 20, Flavor, 0, Tile 10 
59, 20, Flavor, 0, Tile 10 
60, 20, Flavor, 0, Tile 10 
61, 20, Flavor, 0, Tile 10 
62, 20, Tile, 0, Tile 11 
75, 20, Tile, 0, Tile 13 
76, 20, Flavor, 0, Tile 10 
77, 20, Flavor, 0, Tile 10 
78, 20, Flavor, 0, Tile 10 
79, 20, Flavor, 0, Tile 10 
80, 20, Flavor, 0, Tile 10 
81, 20, Flavor, 0, Tile 10 
82, 20, Flavor, 0, Tile 10 
83, 20, Flavor, 0, Tile 10 
84, 20, Flavor, 0, Tile 10 
85, 20, Flavor, 0, Tile 10 
86, 20, Flavor, 0, Tile 10 
87, 20, Flavor, 0, Tile 10 
88, 20, Flavor, 0, Tile 10 
89, 20, Flavor, 0, Tile 10 
90, 20, Flavor, 0, Tile 10 
91, 20, Tile, 0, Tile 11 
94, 20, Tile, 0, Tile 13 
95, 20, Flavor, 0, Tile 10 
96, 20, Flavor, 0, Tile 10 
97, 20, Flavor, 0, Tile 10 
98, 20, Flavor, 0, Tile 10 
99, 20, Flavor, 0, Tile 10 
100, 20, Flavor, 0, Tile 10 
101, 20, Flavor, 0, Tile 10 
102, 20, Tile, 90, Tile 8 
119, 20, Tile, 0, Tile 13 
0, 21, Tile, 0, Tile 11 
42, 21, Tile, 0, Tile 13 
43, 21, Tile, 0, Tile 11 
44, 21, Spikes, 90, Tile 24 
47, 21, Spikes, 270, Tile 24 
48, 21, Tile, 0, Tile 13 
49, 21, Flavor, 0, Tile 10 
50, 21, Flavor, 0, Tile 10 
51, 21, Flavor, 0, Tile 10 
52, 21, Flavor, 0, Tile 10 
53, 21, Flavor, 0, Tile 10 
54, 21, Flavor, 0, Tile 10 
55, 21, Flavor, 0, Tile 10 
56, 21, Tile, 90, Tile 8 
57, 21, Flavor, 0, Tile 10 
58, 21, Flavor, 0, Tile 10 
59, 21, Flavor, 0, Tile 10 
60, 21, Tile, 0, Tile 14 
61, 21, Tile, 0, Tile 14 
62, 21, Tile, 0, Tile 1 
75, 21, Tile, 0, Tile 13 
76, 21, Flavor, 0, Tile 10 
77, 21, Flavor, 0, Tile 10 
78, 21, Flavor, 0, Tile 10 
79, 21, Flavor, 0, Tile 10 
80, 21, Flavor, 0, Tile 10 
81, 21, Flavor, 0, Tile 10 
82, 21, Flavor, 0, Tile 10 
83, 21, Flavor, 0, Tile 10 
84, 21, Flavor, 0, Tile 10 
85, 21, Flavor, 0, Tile 10 
86, 21, Flavor, 0, Tile 10 
87, 21, Flavor, 0, Tile 10 
88, 21, Flavor, 0, Tile 10 
89, 21, Flavor, 0, Tile 10 
90, 21, Flavor, 0, Tile 10 
91, 21, Tile, 0, Tile 11 
94, 21, Tile, 0, Tile 13 
95, 21, Flavor, 0, Tile 10 
96, 21, Tile, 0, Tile 14 
97, 21, Tile, 0, Tile 14 
98, 21, Tile, 0, Tile 14 
99, 21, Tile, 0, Tile 14 
100, 21, Tile, 0, Tile 14 
101, 21, Tile, 0, Tile 14 
102, 21, Tile, 0, Tile 25 
119, 21, Tile, 0, Tile 13 
0, 22, Tile, 0, Tile 11 
42, 22, Tile, 0, Tile 13 
43, 22, Tile, 0, Tile 11 
44, 22, Spikes, 90, Tile 24 
47, 22, Spikes, 270, Tile 24 
48, 22, Tile, 0, Tile 13 
49, 22, Flavor, 0, Tile 10 
50, 22, Flavor, 0, Tile 10 
51, 22, Flavor, 0, Tile 10 
52, 22, Flavor, 0, Tile 10 
53, 22, Flavor, 0, Tile 10 
54, 22, Flavor, 0, Tile 10 
55, 22, Flavor, 0, Tile 10 
56, 22, Tile, 90, Tile 8 
57, 22, Flavor, 0, Tile 10 
58, 22, Flavor, 0, Tile 10 
59, 22, Tile, 0, Tile 11 
75, 22, Tile, 0, Tile 1 
76, 22, Tile, 0, Tile 14 
77, 22, Tile, 0, Tile 14 
78, 22, Tile, 0, Tile 14 
79, 22, Flavor, 0, Tile 10 
80, 22, Flavor, 0, Tile 10 
81, 22, Flavor, 0, Tile 10 
82, 22, Flavor, 0, Tile 10 
83, 22, Flavor, 0, Tile 10 
84, 22, Flavor, 0, Tile 10 
85, 22, Flavor, 0, Tile 10 
86, 22, Flavor, 0, Tile 10 
87, 22, Flavor, 0, Tile 10 
88, 22, Flavor, 0, Tile 10 
89, 22, Flavor, 0, Tile 10 
90, 22, Flavor, 0, Tile 10 
91, 22, Tile, 0, Tile 11 
94, 22, Tile, 0, Tile 13 
95, 22, Tile, 0, Tile 11 
119, 22, Tile, 0, Tile 11 
0, 23, Tile, 0, Tile 11 
42, 23, Tile, 0, Tile 13 
43, 23, Tile, 0, Tile 11 
44, 23, Spikes, 90, Tile 24 
47, 23, Spikes, 270, Tile 24 
48, 23, Tile, 0, Tile 13 
49, 23, Flavor, 0, Tile 10 
50, 23, Flavor, 0, Tile 10 
51, 23, Flavor, 0, Tile 10 
52, 23, Flavor, 0, Tile 10 
53, 23, Flavor, 0, Tile 10 
54, 23, Flavor, 0, Tile 10 
55, 23, Flavor, 0, Tile 10 
56, 23, Tile, 90, Tile 8 
57, 23, Flavor, 0, Tile 10 
58, 23, Flavor, 0, Tile 10 
59, 23, Tile, 0, Tile 11 
78, 23, Tile, 0, Tile 6 
79, 23, Tile, 0, Tile 13 
80, 23, Flavor, 0, Tile 10 
81, 23, Flavor, 0, Tile 10 
82, 23, Flavor, 0, Tile 10 
83, 23, Flavor, 0, Tile 10 
84, 23, Flavor, 0, Tile 10 
85, 23, Flavor, 0, Tile 10 
86, 23, Flavor, 0, Tile 10 
87, 23, Flavor, 0, Tile 10 
88, 23, Flavor, 0, Tile 10 
89, 23, Flavor, 0, Tile 10 
90, 23, Flavor, 0, Tile 10 
91, 23, Tile, 0, Tile 11 
94, 23, Tile, 0, Tile 13 
95, 23, Tile, 0, Tile 11 
119, 23, Tile, 0, Tile 13 
0, 24, Tile, 0, Tile 11 
27, 24, Spikes, 0, Tile 24 
28, 24, Spikes, 0, Tile 24 
29, 24, Spikes, 0, Tile 24 
42, 24, Tile, 0, Tile 13 
43, 24, Tile, 0, Tile 11 
44, 24, Spikes, 90, Tile 24 
47, 24, Spikes, 270, Tile 24 
48, 24, Tile, 0, Tile 13 
49, 24, Flavor, 0, Tile 10 
50, 24, Flavor, 0, Tile 10 
51, 24, Flavor, 0, Tile 10 
52, 24, Flavor, 0, Tile 10 
53, 24, Flavor, 0, Tile 10 
54, 24, Flavor, 0, Tile 10 
55, 24, Flavor, 0, Tile 10 
56, 24, Tile, 0, Tile 25 
57, 24, Tile, 0, Tile 8 
58, 24, Tile, 0, Tile 8 
59, 24, Tile, 0, Tile 8 
60, 24, Tile, 0, Tile 8 
61, 24, Tile, 0, Tile 8 
62, 24, Tile, 0, Tile 25 
79, 24, Tile, 0, Tile 13 
80, 24, Flavor, 0, Tile 10 
81, 24, Flavor, 0, Tile 10 
82, 24, Flavor, 0, Tile 10 
83, 24, Flavor, 0, Tile 10 
84, 24, Flavor, 0, Tile 10 
85, 24, Flavor, 0, Tile 10 
86, 24, Flavor, 0, Tile 10 
87, 24, Flavor, 0, Tile 10 
88, 24, Flavor, 0, Tile 10 
89, 24, Flavor, 0, Tile 10 
90, 24, Flavor, 0, Tile 10 
91, 24, Tile, 0, Tile 11 
94, 24, Tile, 0, Tile 13 
95, 24, Tile, 0, Tile 11 
96, 24, Ladder, 0, Tile 7 
97, 24, Tile, 0, Tile 1 
98, 24, Tile, 0, Tile 2 
99, 24, Tile, 0, Tile 8 
100, 24, Tile, 0, Tile 8 
101, 24, Tile, 0, Tile 8 
102, 24, Tile, 0, Tile 25 
119, 24, Tile, 0, Tile 13 
0, 25, Tile, 0, Tile 11 
27, 25, Tile, 0, Tile 1 
28, 25, Tile, 0, Tile 12 
29, 25, Tile, 0, Tile 2 
42, 25, Tile, 0, Tile 13 
43, 25, Tile, 0, Tile 11 
44, 25, Spikes, 90, Tile 24 
47, 25, Spikes, 270, Tile 24 
48, 25, Tile, 0, Tile 13 
49, 25, Flavor, 0, Tile 10 
50, 25, Flavor, 0, Tile 10 
51, 25, Flavor, 0, Tile 10 
52, 25, Flavor, 0, Tile 10 
53, 25, Flavor, 0, Tile 10 
54, 25, Flavor, 0, Tile 10 
55, 25, Flavor, 0, Tile 10 
56, 25, Tile, 0, Tile 11 
79, 25, Tile, 0, Tile 1 
80, 25, Flavor, 0, Tile 10 
81, 25, Flavor, 0, Tile 10 
82, 25, Flavor, 0, Tile 10 
83, 25, Flavor, 0, Tile 10 
84, 25, Flavor, 0, Tile 10 
85, 25, Flavor, 0, Tile 10 
86, 25, Flavor, 0, Tile 10 
87, 25, Flavor, 0, Tile 10 
88, 25, Flavor, 0, Tile 10 
89, 25, Tile, 0, Tile 14 
90, 25, Tile, 0, Tile 14 
91, 25, Tile, 0, Tile 1 
94, 25, Tile, 0, Tile 1 
95, 25, Tile, 0, Tile 1 
96, 25, Ladder, 0, Tile 7 
97, 25, Tile, 0, Tile 13 
98, 25, Tile, 0, Tile 11 
119, 25, Tile, 0, Tile 13 
0, 26, Tile, 0, Tile 11 
27, 26, Tile, 0, Tile 13 
28, 26, Flavor, 0, Tile 10 
29, 26, Tile, 0, Tile 11 
42, 26, Tile, 0, Tile 13 
43, 26, Tile, 0, Tile 11 
44, 26, Spikes, 90, Tile 24 
47, 26, Spikes, 270, Tile 24 
48, 26, Tile, 0, Tile 13 
49, 26, Flavor, 0, Tile 10 
50, 26, Flavor, 0, Tile 10 
51, 26, Flavor, 0, Tile 10 
52, 26, Flavor, 0, Tile 10 
53, 26, Flavor, 0, Tile 10 
54, 26, Flavor, 0, Tile 10 
55, 26, Flavor, 0, Tile 10 
56, 26, Tile, 0, Tile 11 
57, 26, Ladder, 0, Tile 7 
58, 26, Tile, 0, Tile 1 
80, 26, Tile, 0, Tile 13 
81, 26, Flavor, 0, Tile 10 
82, 26, Flavor, 0, Tile 10 
83, 26, Flavor, 0, Tile 10 
84, 26, Flavor, 0, Tile 10 
85, 26, Flavor, 0, Tile 10 
86, 26, Flavor, 0, Tile 10 
87, 26, Flavor, 0, Tile 10 
88, 26, Tile, 0, Tile 11 
96, 26, Ladder, 0, Tile 7 
97, 26, Tile, 0, Tile 13 
98, 26, Tile, 0, Tile 11 
119, 26, Tile, 0, Tile 13 
0, 27, Tile, 0, Tile 11 
27, 27, Tile, 0, Tile 13 
28, 27, Flavor, 0, Tile 10 
29, 27, Tile, 0, Tile 11 
42, 27, Tile, 0, Tile 13 
43, 27, Flavor, 0, Tile 10 
44, 27, Tile, 0, Tile 1 
47, 27, Tile, 0, Tile 13 
48, 27, Flavor, 0, Tile 10 
49, 27, Flavor, 0, Tile 10 
50, 27, Flavor, 0, Tile 10 
51, 27, Flavor, 0, Tile 10 
52, 27, Flavor, 0, Tile 10 
53, 27, Flavor, 0, Tile 10 
54, 27, Flavor, 0, Tile 10 
55, 27, Flavor, 0, Tile 10 
56, 27, Tile, 0, Tile 11 
57, 27, Ladder, 0, Tile 7 
58, 27, Tile, 0, Tile 13 
59, 27, Tile, 0, Tile 1 
79, 27, Tile, 0, Tile 1 
80, 27, Flavor, 0, Tile 10 
81, 27, Flavor, 0, Tile 10 
82, 27, Flavor, 0, Tile 10 
83, 27, Flavor, 0, Tile 10 
84, 27, Flavor, 0, Tile 10 
85, 27, Flavor, 0, Tile 10 
86, 27, Flavor, 0, Tile 10 
87, 27, Flavor, 0, Tile 10 
88, 27, Tile, 0, Tile 11 
96, 27, Ladder, 0, Tile 7 
97, 27, Tile, 0, Tile 13 
98, 27, Tile, 0, Tile 11 
119, 27, Tile, 0, Tile 13 
0, 28, Tile, 0, Tile 11 
27, 28, Tile, 0, Tile 13 
28, 28, Flavor, 0, Tile 10 
29, 28, Tile, 0, Tile 11 
42, 28, Tile, 0, Tile 13 
43, 28, Flavor, 0, Tile 10 
44, 28, Tile, 0, Tile 11 
47, 28, Tile, 0, Tile 13 
48, 28, Flavor, 0, Tile 10 
49, 28, Flavor, 0, Tile 10 
50, 28, Flavor, 0, Tile 10 
51, 28, Flavor, 0, Tile 10 
52, 28, Flavor, 0, Tile 10 
53, 28, Flavor, 0, Tile 10 
54, 28, Flavor, 0, Tile 10 
55, 28, Flavor, 0, Tile 10 
56, 28, Tile, 0, Tile 11 
57, 28, Ladder, 0, Tile 7 
58, 28, Tile, 0, Tile 13 
59, 28, Tile, 0, Tile 11 
79, 28, Tile, 0, Tile 13 
80, 28, Flavor, 0, Tile 10 
81, 28, Flavor, 0, Tile 10 
82, 28, Flavor, 0, Tile 10 
83, 28, Flavor, 0, Tile 10 
84, 28, Flavor, 0, Tile 10 
85, 28, Flavor, 0, Tile 10 
86, 28, Flavor, 0, Tile 10 
87, 28, Flavor, 0, Tile 10 
88, 28, Tile, 0, Tile 11 
96, 28, Ladder, 0, Tile 7 
97, 28, Tile, 0, Tile 13 
98, 28, Tile, 0, Tile 11 
119, 28, Tile, 0, Tile 13 
0, 29, Tile, 0, Tile 11 
27, 29, Tile, 0, Tile 13 
28, 29, Flavor, 0, Tile 10 
29, 29, Tile, 0, Tile 11 
42, 29, Tile, 0, Tile 13 
43, 29, Flavor, 0, Tile 10 
44, 29, Tile, 0, Tile 11 
47, 29, Tile, 0, Tile 1 
48, 29, Tile, 0, Tile 14 
49, 29, Tile, 0, Tile 14 
50, 29, Tile, 0, Tile 14 
51, 29, Tile, 0, Tile 14 
52, 29, Tile, 0, Tile 14 
53, 29, Tile, 0, Tile 14 
54, 29, Tile, 0, Tile 14 
55, 29, Tile, 0, Tile 14 
56, 29, Tile, 0, Tile 1 
57, 29, Ladder, 0, Tile 7 
58, 29, Tile, 0, Tile 13 
59, 29, Tile, 0, Tile 11 
79, 29, Tile, 0, Tile 13 
80, 29, Flavor, 0, Tile 10 
81, 29, Flavor, 0, Tile 10 
82, 29, Flavor, 0, Tile 10 
83, 29, Flavor, 0, Tile 10 
84, 29, Flavor, 0, Tile 10 
85, 29, Flavor, 0, Tile 10 
86, 29, Flavor, 0, Tile 10 
87, 29, Flavor, 0, Tile 10 
88, 29, Tile, 0, Tile 11 
97, 29, Tile, 0, Tile 13 
98, 29, Tile, 0, Tile 11 
119, 29, Tile, 0, Tile 13 
0, 30, Tile, 0, Tile 11 
27, 30, Tile, 0, Tile 13 
28, 30, Flavor, 0, Tile 10 
29, 30, Tile, 0, Tile 11 
42, 30, Tile, 0, Tile 13 
43, 30, Flavor, 0, Tile 10 
44, 30, Tile, 0, Tile 11 
58, 30, Tile, 0, Tile 13 
59, 30, Tile, 0, Tile 11 
79, 30, Tile, 0, Tile 13 
80, 30, Flavor, 0, Tile 10 
81, 30, Flavor, 0, Tile 10 
82, 30, Flavor, 0, Tile 10 
83, 30, Flavor, 0, Tile 10 
84, 30, Flavor, 0, Tile 10 
85, 30, Flavor, 0, Tile 10 
86, 30, Flavor, 0, Tile 10 
87, 30, Flavor, 0, Tile 10 
88, 30, Tile, 0, Tile 11 
97, 30, Tile, 0, Tile 13 
98, 30, Tile, 0, Tile 11 
119, 30, Tile, 0, Tile 13 
0, 31, Tile, 0, Tile 11 
27, 31, Tile, 0, Tile 13 
28, 31, Flavor, 0, Tile 10 
29, 31, Tile, 0, Tile 11 
42, 31, Tile, 0, Tile 13 
43, 31, Flavor, 0, Tile 10 
44, 31, Tile, 0, Tile 11 
58, 31, Tile, 0, Tile 13 
59, 31, Tile, 0, Tile 11 
60, 31, Spikes, 0, Tile 24 
61, 31, Spikes, 0, Tile 24 
62, 31, Spikes, 0, Tile 24 
63, 31, Spikes, 0, Tile 24 
64, 31, Spikes, 0, Tile 24 
65, 31, Spikes, 0, Tile 24 
66, 31, Spikes, 0, Tile 24 
67, 31, Spikes, 0, Tile 24 
68, 31, Spikes, 0, Tile 24 
69, 31, Spikes, 0, Tile 24 
70, 31, Spikes, 0, Tile 24 
71, 31, Spikes, 0, Tile 24 
72, 31, Spikes, 0, Tile 24 
73, 31, Spikes, 0, Tile 24 
74, 31, Spikes, 0, Tile 24 
75, 31, Spikes, 0, Tile 24 
76, 31, Spikes, 0, Tile 24 
77, 31, Spikes, 0, Tile 24 
78, 31, Spikes, 0, Tile 24 
79, 31, Tile, 0, Tile 13 
80, 31, Flavor, 0, Tile 10 
81, 31, Flavor, 0, Tile 10 
82, 31, Flavor, 0, Tile 10 
83, 31, Flavor, 0, Tile 10 
84, 31, Flavor, 0, Tile 10 
85, 31, Flavor, 0, Tile 10 
86, 31, Flavor, 0, Tile 10 
87, 31, Flavor, 0, Tile 10 
88, 31, Tile, 0, Tile 11 
89, 31, Spikes, 0, Tile 24 
90, 31, Spikes, 0, Tile 24 
91, 31, Spikes, 0, Tile 24 
92, 31, Spikes, 0, Tile 24 
93, 31, Spikes, 0, Tile 24 
94, 31, Spikes, 0, Tile 24 
95, 31, Spikes, 0, Tile 24 
96, 31, Tile, 0, Tile 1 
97, 31, Flavor, 0, Tile 10 
98, 31, Tile, 0, Tile 11 
119, 31, Tile, 0, Tile 13 
0, 32, Tile, 0, Tile 11 
27, 32, Tile, 0, Tile 13 
28, 32, Flavor, 0, Tile 10 
29, 32, Tile, 0, Tile 11 
42, 32, Tile, 0, Tile 13 
43, 32, Flavor, 0, Tile 10 
44, 32, Flavor, 0, Tile 10 
45, 32, Tile, 0, Tile 12 
46, 32, Tile, 0, Tile 12 
47, 32, Tile, 0, Tile 12 
48, 32, Tile, 0, Tile 12 
49, 32, Tile, 0, Tile 12 
50, 32, Tile, 0, Tile 12 
51, 32, Tile, 0, Tile 12 
52, 32, Tile, 0, Tile 12 
53, 32, Tile, 0, Tile 12 
54, 32, Tile, 0, Tile 12 
55, 32, Tile, 0, Tile 12 
56, 32, Tile, 0, Tile 12 
57, 32, Tile, 0, Tile 12 
58, 32, Flavor, 0, Tile 10 
59, 32, Flavor, 0, Tile 10 
60, 32, Flavor, 0, Tile 10 
61, 32, Tile, 0, Tile 12 
62, 32, Tile, 0, Tile 12 
63, 32, Tile, 0, Tile 12 
64, 32, Tile, 0, Tile 12 
65, 32, Tile, 0, Tile 12 
66, 32, Tile, 0, Tile 12 
67, 32, Tile, 0, Tile 12 
68, 32, Tile, 0, Tile 12 
69, 32, Tile, 0, Tile 12 
70, 32, Tile, 0, Tile 12 
71, 32, Tile, 0, Tile 12 
72, 32, Tile, 0, Tile 12 
73, 32, Tile, 0, Tile 12 
74, 32, Tile, 0, Tile 12 
75, 32, Tile, 0, Tile 12 
76, 32, Tile, 0, Tile 12 
77, 32, Tile, 0, Tile 12 
78, 32, Tile, 0, Tile 12 
79, 32, Flavor, 0, Tile 10 
80, 32, Flavor, 0, Tile 10 
81, 32, Flavor, 0, Tile 10 
82, 32, Flavor, 0, Tile 10 
83, 32, Flavor, 0, Tile 10 
84, 32, Flavor, 0, Tile 10 
85, 32, Flavor, 0, Tile 10 
86, 32, Flavor, 0, Tile 10 
87, 32, Flavor, 0, Tile 10 
88, 32, Flavor, 0, Tile 10 
89, 32, Tile, 0, Tile 12 
90, 32, Tile, 0, Tile 12 
91, 32, Tile, 0, Tile 12 
92, 32, Tile, 0, Tile 12 
93, 32, Tile, 0, Tile 12 
94, 32, Tile, 0, Tile 12 
95, 32, Tile, 0, Tile 12 
96, 32, Flavor, 0, Tile 10 
97, 32, Flavor, 0, Tile 10 
98, 32, Tile, 0, Tile 11 
119, 32, Tile, 0, Tile 13 
